下载mysql-5.7.17
		//mysql官网下载：http://dev.mysql.com/downloads/mysql/ 
		//找到MySQL Community Server下载页面，平台选择“Red Hat Enterprise Linux 7/ Oracle Linux”，然后选择64位的bundle整合包下载

启动查看mysqld服务
		yum -y install perl-Data-Dumper  perl-JSON  perl-Time-HiRes  //mysql主要依赖包
		tar -xvf mysql-5.7.17.tar  //解压缩下载软件包
		systemctl start mysqld                  //启动mysql服务
		systemctl enable mysqld                 //设置开机自启
		systemctl status mysqld                 //查看mysql服务状态

登陆mysql，修改初始化密码
		grep 'temporary password' /var/log/mysqld.log   //log日志下查找的管理密码
		mysql -u root -p'mtoa>Av<p6Yk'  //使用查找密码登陆
		mysql>show databases;
		ERROR 1820 (HY000): You must reset your password using ALTER USER statement before executing this statement. //系统要求重设置密码
		
		mysql>set global validate_password_policy=0;      //设置密码规则为宽松模式
		Query OK, 0 rows affected (0.00 sec)

		mysql>set global validate_password_length=6；     //修改密码长度,默认值是8个字符 
		Query OK, 0 rows affected (0.00 sec)

		mysql> alter user user() identified by "123456";  //修改登陆密码 user()系统函数
		Query OK, 0 rows affected (0.00 sec)

		mysql> exit                                  //退出 mysql> 环境
		mysql -u root -p123456  //使用新密码重新登陆

查看库
		mysql> show  databases;                                //查看现有的库

切换库
		mysql> use sys;                                        //切换库 sys为切换库的库名
		Database changed

确认当前库
		mysql> select database();                            //确认当前所在的库 database()为系统函数

新建库
		mysql> create database newdb;                     //新建名为newdb的库
		Query OK, 1 row affected (0.00 sec)

删除库
		mysql> drop database newdb;                       //删除名为newdb的库
		Query OK, 0 rows affected (0.01 sec)

查看表与表结构
		mysql> use mysql;
		Database changed
		
		mysql> show tables;                  //查看当前库下表
		
		mysql> desc columns_priv\G          //查看表结构，以列表形式展现，末尾不用分号
		mysql> desc columns_priv;          //查看表结构，以表格形式展现末尾需要有分号
		mysql> desc mysql.columns_priv;     //查看非当前库的表结构

创建表
    mysql> create table pwlist(           //在当前库下创建表，非当前库创建表用 库名.表名 的格式创建
        -> name char(16) not null,        // 表结构名（name） 类型 （字符character) 选项 (非空）
        -> password char(48)default '',    // 设置默认值
        -> primary key(name)              // 设置(name)主键 可以直接跟在创建结构名name后
        -> );
    Query OK, 0 rows affected (0.38 sec)
		
	    mysql> desc pwlist;
    +----------+----------+------+-----+---------+-------+
    | Field    | Type     | Null | Key | Default | Extra |
    +----------+----------+------+-----+---------+-------+
    | name     | char(16) | NO   | PRI | NULL    |       |
    | password | char(48) | YES  |     |         |       |
    +----------+----------+------+-----+---------+-------+
    2 rows in set (0.01 sec)

删除表
    mysql> drop table pwlist;
    Query OK, 0 rows affected (0.01 sec)
		
查看字符集
    mysql> show character set;             //查看可用字符集 创建库/表时 手动添加“DEFAULT CHARSET=utf8” 支持中文
		
查看创建表时指令
		mysql> SHOW CREATE TABLE mydb.student;
    +---------+------------------------------------------------------------------------------------------------------------------------------------------------------------------------------------------------------------------------------------------+
    |Table |Create Table                                                                                                                                                                                                                                                             |
    +---------+--------------------------------------------------------------------------------------------------------------------------------------------------------------------------------------------------------------------------------------------------------------------------------------------------------------------------------+
    | student | CREATE TABLE `student` (
      `学号` char(9) NOT NULL,
      `姓名` varchar(4) NOT NULL,
      `性别` enum('男','女') NOT NULL,
      `手机号` char(11) DEFAULT '',
      `通信地址` varchar(64) DEFAULT NULL,
      PRIMARY KEY (`学号`)
    ) ENGINE=InnoDB DEFAULT CHARSET=utf8                  |
    +---------+--------------------------------------------------------------------------------------------------------------------------------------------------------------------------------------------------------------------------------------------------------------------------+
    1 row in set (0.00 sec)
		注意：若要修改MySQL服务的默认字符集，可以更改服务器的/etc/my.cnf配置文件，添加character_set_server=utf8 配置，然后重启数据库服务。

常用sql命令分类
	DDL数据定义语言  create alter drop
	DMC数据操控语言  insert update delete
	DCL数据控制语言  grant revoke
	DTL数据事物语言  commit rollback savepoint
	
插入表数据
	mysql>insert into school.student values('NSD181002','蛇精','女',1389999999,'上海'),
	('NSD181003','爷爷','男',1387777777,'长白山');                // insert 后面可以不加into

查看数据
	mysql> select * from school.student;     //* 表示表结构的定义列  from 库名.表名
	
更新数据
	mysql>update school.student set 性别='女';
	mysql>update school.student set 性别='男' where 姓名='葫芦娃';    //where 是条件格式声明 可用在select update delete之后
	
删除数据
	mysql> delete from school.student where 学号='NSD181003';    #删除表中满足条件的数据
	mysql> delete from school.student;                           #删除表中所有数据


		












